Title,Summary,Predicted Bias,Stance
I.R.S. Official Invokes 5th Amendment at Hearing," THE MRS RAM ROT DEBATE!!!
(Or is it the Rep.Boner GOP Congress over ride?...?",,left
I.R.S. Official Invokes 5th Amendment at Hearing," photographers, among other people, are our best gate-keepers; they see and capture more than we do. They’re the antidote, if anything. It’s back to Fritz Perls here:
Explanation / Interpretation: Built into the nature of the action and its settings is that she says I’ve not done anything wrong; it was all predictable and inevitable, and I’ve never been in a position to do it wrong, a perfect contingency for apathy and/or resignation, just as it was for Bernie Harris’ dying child.",,left
I.R.S. Official Invokes 5th Amendment at Hearing," Radical GOP majority’s hypocrisy, by AZ Central
Political Corruption: AZ Republic OpEd 8-20-2013
Sen. Jeff Flake, R-Ariz., has blasted President Obama for a congressional hearing last week that targeted the IRS for its questionable practice of inappropriately scrutinizing conservative nonprofits seeking tax-exempt status.
GOP leadership, on the other hand, blocked a House committee hearing last spring on how several departments in Arizona, happily except for Gov.",,left
I.R.S. Official Invokes 5th Amendment at Hearing," The Internal Revenue Service official who first disclosed that the agency had targeted conservative groups for special scrutiny, and in doing so ignited a controversy that has ensnared the White House, denied on Wednesday that she had ever provided false information to Congress. She then invoked her Fifth Amendment right against self-incrimination and ...
Democrats fail to sway probe, GOP calls for departure of IRS Commissioner;HALTH RICE: Romney tax returns show he is patriotic, compliant with the law
Summary: WASHINGTON — Democrats on the House Oversight Committee tried to counter Republican charges on Wednesday that the Treasury secretary, Jack Lew, had ignored problems at the Internal Revenue Service, and did not take adequate control of the agency, citing steps over the past three years that the agency has taken aimed at improving oversight an...
Summary: The Searchlight West Virginia airport is a testament to the ingenuity that drives so much in Nevada, a state that is still in the process of constructing itself. Developers said the $16 million, roughly six-year-long project was once a ""shot in the dark"" that has come into view....</s>",,center
I.R.S. Official Invokes 5th Amendment at Hearing," On Wednesday, the Internal Revenue Service’s director, as she faced House lawmakers, answered questions on one of her toughest and thorniest questions just as Mr. Issa attempted a second time to dismiss her. “You don’t get to tell your side of the story and then not be subjected to cross-examination,” Ms.",,center
I.R.S. Official Invokes 5th Amendment at Hearing," WASHINGTON >> The chief information officer for the super-secret National Security Agency told the high-powered panel that endorses the agency’s programs Tuesday that he is not sure that the data-harvesting Stellarwind network that collected Americans’ phone calling records is still operating.
Gen. Keith J.",,center
I.R.S. Official Invokes 5th Amendment at Hearing," Nissan announced that Nissan and Nissan Motor Co., Seattle, WA have recalled 130,739 MY 2013-14 Nissan Pathfinder equipped with a continuously variable transmission (CVT) because of possible reset problems.
Summary: Yoshinaga Radiator Co. and Yoshinaga Distributors Inc., Vietnam under Nissan Shata Pvt.",,right
I.R.S. Official Invokes 5th Amendment at Hearing," The Wall Street Journal reported a move by the Faith & Freedom Coalition, a major conservative group, which announced an effort to rally 2-million Christian evangelicals to Rep. Darrell Issa’s side in an effort to get Lois Lerner before Congress and declare her in contempt. The campaign, which is gaining steam, will run a Web ad from now through Election Day in battleground states, boost the coalition’s members and then pressure the courts if necessary to get Ms.",,right
I.R.S. Official Invokes 5th Amendment at Hearing," Washington — Republicans pressed the White House on the scandal of IRS scrutiny of Tea Party groups in hearings on Wednesday, putting Obama administration officials under pressure to account for the agency’s actions. The testimony comes amid new evidence that the review of applications from conservative groups dating back to 2010 was more extensive than had been known, according to letters sent by an IRS official late Tuesday to the chairmen of Congressional committees and obtained by The Wall Street Journal.
Republicans accused the director of the IRS’s tax-exempt division, Lois Lerner, of “orchestrating” the improper review of the groups.",,right
"Obama Defends NSA Programs, Says Congress Knew About Surveillance"," WASHINGTON -- A government program that monitors the phone calls and Internet information of Americans is ""for the most part, straightforward,"" the director of national intelligence said Friday, while several members of Congress and a prominent civil liberties group cautioned that the extent of the government's reach needs to be clarified.
The full scope of the Secret Service's access to the data has yet to be made clear, though Sen. Ron Wyden (D-Ore.) says he thinks ""the vast majority of U.",,left
"Obama Defends NSA Programs, Says Congress Knew About Surveillance","WASHINGTON - US President Barack Obama on Thursday said that he would ""absolutely"" revisit the secret US spy programs if he didn't think they worked, amid demands by some lawmakers to scale back sweeping data-collection measures. The president's admission was a surprise for most Americans, in an interview with the PBS NewsHour that was seen as an attempt by Obama to reposition himself amid outrage over secret data-collection programs exposed in the New York Times this week. The programs include a domestic call detail record-keeping database that the newspaper says the National Security Agency has long eavesdropped on Verizon Communications Inc.",,left
"Obama Defends NSA Programs, Says Congress Knew About Surveillance"," WASHINGTON -- President Barack Obama on Friday forcefully defended revelations that the National Security Agency is collecting phone records and electronic communications, saying that Congress was fully briefed and the programs are limited in scope. The president's comments comes as congressional leaders demand to be briefed formally on the programs. UNH (UNH) is 1 of 9 companies involved in PRISM: ""Show me the list,"" says @SenTrentLott.",,left
"Obama Defends NSA Programs, Says Congress Knew About Surveillance"," President Barack Obama on Friday forcefully defended revelations that the National Security Agency is collecting phone records and electronic communications, saying that Congress was fully briefed and the programs are limited in scope. ""The programs are secret in the sense that they are classified. They are not secret, in that every member of Congress has been briefed,"" he said during a speech in San Jose, Calif.",,center
"Obama Defends NSA Programs, Says Congress Knew About Surveillance"," read and write report (use all 3 documents) tell the future technologies to the present time
reference america newspapers from this year to the past decade</s>",,center
"Obama Defends NSA Programs, Says Congress Knew About Surveillance"," My feeling has been that it is different when the cameras are on for Peggy. She is going to show you on this show that she is ready to be in the limelight, and show the world that on paper, when the limelight is not on that she is a qualified teacher. We just need now to see if she can make the transition smooth.",,center
"Obama Defends NSA Programs, Says Congress Knew About Surveillance"," Censorship in the West is occurring silently by default because it is impossible to prevent the creation of content, allowing everyone to maximize and share it because once it is created, it's too late to regulate.
Controlling censorship means giving tools to the side you want to support the most. This today is trivial and can be bypassed at will with time and effort: the ability to censor isn't enough.",,right
"Obama Defends NSA Programs, Says Congress Knew About Surveillance"," The Obama administration on Friday expressed outrage that a reporter would publish classified intelligence programs targeting domestic telephone traffic, calling the leak ""extremely reckless"" as the National Counterterrorism Center struggles to reassure the world it wasn't the source of the information.
""We have expressly advised the media that the publication of such information is damaging to our national security and puts lives at risk,"" the office said in a blog post by Stormy Defreitas, deputy director of the Office of Public Affairs. ""As we have stated repeatedly, information is being monitored and disclosed by persons outside of government.",,right
"Obama Defends NSA Programs, Says Congress Knew About Surveillance", Read-a-likes: British Idea by James McLellan</s>,,right
Obama administration defends 2nd mass surveillance project," New phone orders and surveillance requests are added regularly to MetadataDump.com, which compiles information gleaned from wiretaps.
Federal authorities across the country are issuing new wiretapping orders to spy on Americans in record numbers.",,left
Obama administration defends 2nd mass surveillance project," Defending a new NSA surveillance effort by, Obama and Clapper made challenging to defend two programs tapping Internet and phone data.
Quotes retweets: 195 retweets
Individual Tweet Retweets: 185 retweets
@tomsherwood: In NSA program, feds hoped to avoid detection and distinguish foe intel from friend by listening to phone calls in Arabic and Farsi.
@NeilMunroDC: Another shutdown?",,left
